{"en.wikipedia.org/wiki/Main_Page": "2020-06-23", "en.wikipedia.org/wiki/Wikipedia": "2020-06-26", "en.wikipedia.org/wiki/Free_content": "2020-06-26", "en.wikipedia.org/wiki/Encyclopedia": "2020-06-26", "en.wikipedia.org/wiki/Help:Introduction_to_Wikipedia": "2020-06-26", "en.wikipedia.org/wiki/Special:Statistics": "2020-06-26", "en.wikipedia.org/wiki/English_language": "2020-06-26", "en.wikipedia.org/wiki/Portal:Arts": "2020-06-26", "en.wikipedia.org/wiki/Portal:Biography": "2020-06-26", "en.wikipedia.org/wiki/Portal:Geography": "2020-06-26", "en.wikipedia.org/wiki/Portal:History": "2020-06-26", "en.wikipedia.org/wiki/Portal:Mathematics": "2020-06-26", "en.wikipedia.org/wiki/Portal:Science": "2020-06-26", "en.wikipedia.org/wiki/Portal:Society": "2020-06-26", "en.wikipedia.org/wiki/Portal:Technology": "2020-06-26", "en.wikipedia.org/wiki/Wikipedia:Contents/Portals": "2020-06-26", "en.wikipedia.org/wiki/File:BattleofSluys_(detail_cropped).jpeg": "2020-06-26", "en.wikipedia.org/wiki/Battle_of_Sluys": "2020-06-26", "en.wikipedia.org/wiki/Roadstead": "2020-06-26", "en.wikipedia.org/wiki/Sluis": "2020-06-26", "en.wikipedia.org/wiki/Edward_III_of_England": "2020-06-26", "en.wikipedia.org/wiki/Hugues_Qui%C3%A9ret": "2020-06-26", "en.wikipedia.org/wiki/Admiral_of_France": "2020-06-26", "en.wikipedia.org/wiki/Nicolas_B%C3%A9huchet": "2020-06-26", "en.wikipedia.org/wiki/Grand_Constable_of_France": "2020-06-26", "en.wikipedia.org/wiki/Hundred_Years%27_War": "2020-06-26", "en.wikipedia.org/wiki/Defeat_in_detail": "2020-06-26", "en.wikipedia.org/wiki/Operational_level_of_war": "2020-06-26", "en.wikipedia.org/wiki/Siege_of_Tournai_(1340)": "2020-06-26", "en.wikipedia.org/wiki/John_FitzWalter,_2nd_Baron_FitzWalter": "2020-06-26", "en.wikipedia.org/wiki/Randall_Davidson": "2020-06-26", "en.wikipedia.org/wiki/High_Explosive_Research": "2020-06-26", "en.wikipedia.org/wiki/Wikipedia:Today%27s_featured_article/June_2020": "2020-06-26", "lists.wikimedia.org/mailman/listinfo/daily-article-l": "2020-06-26", "en.wikipedia.org/wiki/Wikipedia:Featured_articles": "2020-06-26", "en.wikipedia.org/wiki/File:Proceratophrys_boiei01b.jpg": "2020-06-26", "en.wikipedia.org/wiki/Proceratophrys_boiei": "2020-06-26", "en.wikipedia.org/wiki/Scythrophrys": "2020-06-26", "en.wikipedia.org/wiki/Tate_McRae": "2020-06-26", "en.wikipedia.org/wiki/Billie_Eilish": "2020-06-26", "en.wikipedia.org/wiki/Nazis,_Islamists,_and_the_Making_of_the_Modern_Middle_East": "2020-06-26", "en.wikipedia.org/wiki/Bodie_Creek_Suspension_Bridge": "2020-06-26", "en.wikipedia.org/wiki/Lilly_Dubowitz": "2020-06-26", "en.wikipedia.org/wiki/Dubowitz_Score": "2020-06-26", "en.wikipedia.org/wiki/Cranial_ultrasound": "2020-06-26", "en.wikipedia.org/wiki/Hammersmith_Hospital": "2020-06-26", "en.wikipedia.org/wiki/Alley_Pond_Park": "2020-06-26", "en.wikipedia.org/wiki/Jasraj": "2020-06-26", "en.wikipedia.org/wiki/Hindustani_classical_music": "2020-06-26", "en.wikipedia.org/wiki/Skype": "2020-06-26", "en.wikipedia.org/wiki/The_Cock": "2020-06-26", "en.wikipedia.org/wiki/Wikipedia:Recent_additions": "2020-06-26", "en.wikipedia.org/wiki/Help:Your_first_article": "2020-06-26", "en.wikipedia.org/wiki/Template_talk:Did_you_know": "2020-06-26", "en.wikipedia.org/wiki/COVID-19_pandemic": "2020-06-26", "en.wikipedia.org/wiki/Coronavirus_disease_2019": "2020-06-26", "en.wikipedia.org/wiki/Severe_acute_respiratory_syndrome_coronavirus_2": "2020-06-26", "en.wikipedia.org/wiki/COVID-19_testing": "2020-06-26", "en.wikipedia.org/wiki/Timeline_of_the_COVID-19_pandemic": "2020-06-26", "en.wikipedia.org/wiki/COVID-19_pandemic_by_country_and_territory": "2020-06-26", "en.wikipedia.org/wiki/Impact_of_the_COVID-19_pandemic": "2020-06-26", "en.wikipedia.org/wiki/List_of_deaths_due_to_COVID-19": "2020-06-26", "en.wikipedia.org/wiki/Portal:Coronavirus_disease_2019": "2020-06-26", "en.wikipedia.org/wiki/File:(Aleksandar_Vu%C4%8Di%C4%87)_Secretary_Pompeo_Hosts_a_Working_Lunch_With_Serbian_President_Vucic_(48586279546)_(cropped).jpg": "2020-06-26", "en.wikipedia.org/wiki/Aleksandar_Vu%C4%8Di%C4%87_%E2%80%94_For_Our_Children": "2020-06-26", "en.wikipedia.org/wiki/Aleksandar_Vu%C4%8Di%C4%87": "2020-06-26", "en.wikipedia.org/wiki/Serbian_Progressive_Party": "2020-06-26", "en.wikipedia.org/wiki/2020_Serbian_parliamentary_election": "2020-06-26", "en.wikipedia.org/wiki/2020_United_Nations_Security_Council_election": "2020-06-26", "en.wikipedia.org/wiki/United_Nations_Security_Council": "2020-06-26", "en.wikipedia.org/wiki/Freedom_of_the_press": "2020-06-26", "en.wikipedia.org/wiki/People_of_the_Philippines_v._Santos,_Ressa_and_Rappler": "2020-06-26", "en.wikipedia.org/wiki/Rappler": "2020-06-26", "en.wikipedia.org/wiki/Maria_Ressa": "2020-06-26", "en.wikipedia.org/wiki/Cybercrime_Prevention_Act_of_2012": "2020-06-26", "en.wikipedia.org/wiki/Portal:Current_events": "2020-06-26", "en.wikipedia.org/wiki/George_Floyd_protests": "2020-06-26", "en.wikipedia.org/wiki/2019%E2%80%9320_Hong_Kong_protests": "2020-06-26", "en.wikipedia.org/wiki/Deaths_in_2020": "2020-06-26", "en.wikipedia.org/wiki/Liam_Treadwell": "2020-06-26", "en.wikipedia.org/wiki/Ian_Holm": "2020-06-26", "en.wikipedia.org/wiki/Vic_Gilliam": "2020-06-26", "en.wikipedia.org/wiki/Nicolas_Joel": "2020-06-26", "en.wikipedia.org/wiki/Anna_and_Bernhard_Blume": "2020-06-26", "en.wikipedia.org/wiki/Jules_Sedney": "2020-06-26", "en.wikipedia.org/wiki/Wikipedia:In_the_news/Candidates": "2020-06-26", "en.wikipedia.org/wiki/June_24": "2020-06-26", "en.wikipedia.org/wiki/File:Julia_Gillard_2010.jpg": "2020-06-26", "en.wikipedia.org/wiki/474": "2020-06-26", "en.wikipedia.org/wiki/Western_Roman_Empire": "2020-06-26", "en.wikipedia.org/wiki/Glycerius": "2020-06-26", "en.wikipedia.org/wiki/Byzantine_Empire": "2020-06-26", "en.wikipedia.org/wiki/Leo_I_the_Thracian": "2020-06-26", "en.wikipedia.org/wiki/1314": "2020-06-26", "en.wikipedia.org/wiki/First_War_of_Scottish_Independence": "2020-06-26", "en.wikipedia.org/wiki/Robert_the_Bruce": "2020-06-26", "en.wikipedia.org/wiki/Battle_of_Bannockburn": "2020-06-26", "en.wikipedia.org/wiki/Edward_II_of_England": "2020-06-26", "en.wikipedia.org/wiki/Bannockburn": "2020-06-26", "en.wikipedia.org/wiki/1717": "2020-06-26", "en.wikipedia.org/wiki/Grand_Lodge": "2020-06-26", "en.wikipedia.org/wiki/Freemasonry": "2020-06-26", "en.wikipedia.org/wiki/Premier_Grand_Lodge_of_England": "2020-06-26", "en.wikipedia.org/wiki/1940": "2020-06-26", "en.wikipedia.org/wiki/World_War_II": "2020-06-26", "en.wikipedia.org/wiki/British_Army": "2020-06-26", "en.wikipedia.org/wiki/Operation_Collar_(commando_raid)": "2020-06-26", "en.wikipedia.org/wiki/Commando": "2020-06-26", "en.wikipedia.org/wiki/German_military_administration_in_occupied_France_during_World_War_II": "2020-06-26", "en.wikipedia.org/wiki/2010": "2020-06-26", "en.wikipedia.org/wiki/Julia_Gillard": "2020-06-26", "en.wikipedia.org/wiki/Prime_Minister_of_Australia": "2020-06-26", "en.wikipedia.org/wiki/Kevin_Rudd": "2020-06-26", "en.wikipedia.org/wiki/2010_Australian_Labor_Party_leadership_spill": "2020-06-26", "en.wikipedia.org/wiki/Australian_Labor_Party": "2020-06-26", "en.wikipedia.org/wiki/William_Arnold_(settler)": "2020-06-26", "en.wikipedia.org/wiki/Eleanor_Norcross": "2020-06-26", "en.wikipedia.org/wiki/V._V._Giri": "2020-06-26", "en.wikipedia.org/wiki/June_23": "2020-06-26", "en.wikipedia.org/wiki/June_25": "2020-06-26", "en.wikipedia.org/wiki/Wikipedia:Selected_anniversaries/June": "2020-06-26", "en.wikipedia.org/wiki/List_of_historical_anniversaries": "2020-06-26", "en.wikipedia.org/wiki/File:Mary_Cassatt_-_The_Child%27s_Bath_-_Google_Art_Project.jpg": "2020-06-26", "en.wikipedia.org/wiki/The_Child%27s_Bath": "2020-06-26", "en.wikipedia.org/wiki/Mary_Cassatt": "2020-06-26", "en.wikipedia.org/wiki/Allegheny,_Pennsylvania": "2020-06-26", "en.wikipedia.org/wiki/Pittsburgh": "2020-06-26", "en.wikipedia.org/wiki/Edgar_Degas": "2020-06-26", "en.wikipedia.org/wiki/Impressionism": "2020-06-26", "en.wikipedia.org/wiki/Genre_art": "2020-06-26", "en.wikipedia.org/wiki/Woodblock_printing_in_Japan": "2020-06-26", "en.wikipedia.org/wiki/Acad%C3%A9mie_des_Beaux-Arts": "2020-06-26", "en.wikipedia.org/wiki/Art_Institute_of_Chicago": "2020-06-26", "en.wikipedia.org/wiki/Template:POTD/2020-06-23": "2020-06-26", "en.wikipedia.org/wiki/Template:POTD/2020-06-22": "2020-06-26", "en.wikipedia.org/wiki/Template:POTD/2020-06-21": "2020-06-26", "en.wikipedia.org/wiki/Wikipedia:Picture_of_the_day/Archive": "2020-06-26", "en.wikipedia.org/wiki/Wikipedia:Featured_pictures": "2020-06-26", "en.wikipedia.org/wiki/Wikipedia:Community_portal": "2020-06-26", "en.wikipedia.org/wiki/Wikipedia:Help_desk": "2020-06-26", "en.wikipedia.org/wiki/Wikipedia:Local_Embassy": "2020-06-26", "en.wikipedia.org/wiki/Wikipedia:Reference_desk": "2020-06-26", "en.wikipedia.org/wiki/Wikipedia:News": "2020-06-26", "en.wikipedia.org/wiki/Wikipedia:Village_pump": "2020-06-26", "en.wikipedia.org/wiki/Wikimedia_Foundation": "2020-06-26", "wikimediafoundation.org/our-work/wikimedia-projects/": "2020-06-26", "commons.wikimedia.org/wiki/": "2020-06-26", "commons.wikimedia.org/": "2020-06-26", "www.mediawiki.org/wiki/": "2020-06-26", "mediawiki.org/": "2020-06-26", "meta.wikimedia.org/wiki/": "2020-06-26", "meta.wikimedia.org/": "2020-06-26", "en.wikibooks.org/wiki/": "2020-06-26", "en.wikibooks.org/": "2020-06-26", "www.wikidata.org/wiki/": "2020-06-26", "www.wikidata.org/": "2020-06-26", "en.wikinews.org/wiki/": "2020-06-26", "en.wikinews.org/": "2020-06-26", "en.wikiquote.org/wiki/": "2020-06-26", "en.wikiquote.org/": "2020-06-26", "en.wikisource.org/wiki/": "2020-06-26", "en.wikisource.org/": "2020-06-26", "species.wikimedia.org/wiki/": "2020-06-26", "species.wikimedia.org/": "2020-06-26", "en.wikiversity.org/wiki/": "2020-06-26", "en.wikiversity.org/": "2020-06-26", "en.wikivoyage.org/wiki/": "2020-06-26", "en.wikivoyage.org/": "2020-06-26", "en.wiktionary.org/wiki/": "2020-06-26", "en.wiktionary.org/": "2020-06-26", "ar.wikipedia.org/wiki/": "2020-06-26", "de.wikipedia.org/wiki/": "2020-06-26", "es.wikipedia.org/wiki/": "2020-06-26", "fr.wikipedia.org/wiki/": "2020-06-26", "it.wikipedia.org/wiki/": "2020-06-26", "nl.wikipedia.org/wiki/": "2020-06-26", "ja.wikipedia.org/wiki/": "2020-06-26", "pl.wikipedia.org/wiki/": "2020-06-26", "pt.wikipedia.org/wiki/": "2020-06-26", "ru.wikipedia.org/wiki/": "2020-06-26", "sv.wikipedia.org/wiki/": "2020-06-26", "uk.wikipedia.org/wiki/": "2020-06-26", "vi.wikipedia.org/wiki/": "2020-06-26", "zh.wikipedia.org/wiki/": "2020-06-26", "id.wikipedia.org/wiki/": "2020-06-26", "ms.wikipedia.org/wiki/": "2020-06-26", "zh-min-nan.wikipedia.org/wiki/": "2020-06-26", "bg.wikipedia.org/wiki/": "2020-06-26", "ca.wikipedia.org/wiki/": "2020-06-26", "cs.wikipedia.org/wiki/": "2020-06-26", "da.wikipedia.org/wiki/": "2020-06-26", "eo.wikipedia.org/wiki/": "2020-06-26", "eu.wikipedia.org/wiki/": "2020-06-26", "fa.wikipedia.org/wiki/": "2020-06-26", "he.wikipedia.org/wiki/": "2020-06-26", "ko.wikipedia.org/wiki/": "2020-06-26", "hu.wikipedia.org/wiki/": "2020-06-26", "no.wikipedia.org/wiki/": "2020-06-26", "ro.wikipedia.org/wiki/": "2020-06-26", "sr.wikipedia.org/wiki/": "2020-06-26", "sh.wikipedia.org/wiki/": "2020-06-26", "fi.wikipedia.org/wiki/": "2020-06-26", "tr.wikipedia.org/wiki/": "2020-06-26", "ast.wikipedia.org/wiki/": "2020-06-26", "bs.wikipedia.org/wiki/": "2020-06-26", "et.wikipedia.org/wiki/": "2020-06-26", "el.wikipedia.org/wiki/": "2020-06-26", "simple.wikipedia.org/wiki/": "2020-06-26", "gl.wikipedia.org/wiki/": "2020-06-26", "hr.wikipedia.org/wiki/": "2020-06-26", "lv.wikipedia.org/wiki/": "2020-06-26", "lt.wikipedia.org/wiki/": "2020-06-26", "ml.wikipedia.org/wiki/": "2020-06-26", "nn.wikipedia.org/wiki/": "2020-06-26", "sk.wikipedia.org/wiki/": "2020-06-26", "sl.wikipedia.org/wiki/": "2020-06-26", "th.wikipedia.org/wiki/": "2020-06-26", "meta.wikimedia.org/wiki/List_of_Wikipedias": "2020-06-26", "en.wikipedia.org/w/index.php?title=Main_Page&oldid=963906162": "2020-06-26", "en.wikipedia.org/wiki/Special:MyTalk": "2020-06-26", "en.wikipedia.org/wiki/Special:MyContributions": "2020-06-26", "en.wikipedia.org/w/index.php?title=Special:CreateAccount&returnto=Main+Page": "2020-06-26", "en.wikipedia.org/w/index.php?title=Special:UserLogin&returnto=Main+Page": "2020-06-26", "en.wikipedia.org/wiki/Talk:Main_Page": "2020-06-26", "en.wikipedia.org/w/index.php?title=Main_Page&action=edit": "2020-06-26", "en.wikipedia.org/w/index.php?title=Main_Page&action=history": "2020-06-26", "en.wikipedia.org/wiki/Wikipedia:Contents": "2020-06-26", "en.wikipedia.org/wiki/Special:Random": "2020-06-26", "en.wikipedia.org/wiki/Wikipedia:About": "2020-06-26", "donate.wikimedia.org/wiki/Special:FundraiserRedirector?utm_source=donate&utm_medium=sidebar&utm_campaign=C13_en.wikipedia.org&uselang=en": "2020-06-26", "en.wikipedia.org/wiki/Help:Contents": "2020-06-26", "en.wikipedia.org/wiki/Special:RecentChanges": "2020-06-26", "en.wikipedia.org/wiki/Wikipedia:File_Upload_Wizard": "2020-06-26", "en.wikipedia.org/wiki/Special:WhatLinksHere/Main_Page": "2020-06-26", "en.wikipedia.org/wiki/Special:RecentChangesLinked/Main_Page": "2020-06-26", "en.wikipedia.org/wiki/Special:SpecialPages": "2020-06-26", "en.wikipedia.org/w/index.php?title=Main_Page&action=info": "2020-06-26", "www.wikidata.org/wiki/Special:EntityPage/Q5296": "2020-06-26", "en.wikipedia.org/w/index.php?title=Special:CiteThisPage&page=Main_Page&id=963906162&wpFormIdentifier=titleform": "2020-06-26", "ka.wikipedia.org/wiki/": "2020-06-26", "commons.wikimedia.org/wiki/Main_Page": "2020-06-26", "www.mediawiki.org/wiki/MediaWiki": "2020-06-26", "meta.wikimedia.org/wiki/Main_Page": "2020-06-26", "species.wikimedia.org/wiki/Main_Page": "2020-06-26", "en.wikibooks.org/wiki/Main_Page": "2020-06-26", "www.wikidata.org/wiki/Wikidata:Main_Page": "2020-06-26", "wikimania.wikimedia.org/wiki/Wikimania": "2020-06-26", "en.wikinews.org/wiki/Main_Page": "2020-06-26", "en.wikiquote.org/wiki/Main_Page": "2020-06-26", "en.wikisource.org/wiki/Main_Page": "2020-06-26", "en.wikiversity.org/wiki/Wikiversity:Main_Page": "2020-06-26", "en.wikivoyage.org/wiki/Main_Page": "2020-06-26", "en.wiktionary.org/wiki/Wiktionary:Main_Page": "2020-06-26", "en.wikipedia.org/w/index.php?title=Special:ElectronPdf&page=Main+Page&action=show-download-screen": "2020-06-26", "en.wikipedia.org/w/index.php?title=Main_Page&printable=yes": "2020-06-26", "foundation.wikimedia.org/wiki/Privacy_policy": "2020-06-26", "en.wikipedia.org/wiki/Wikipedia:General_disclaimer": "2020-06-26", "www.mediawiki.org/wiki/Special:MyLanguage/How_to_contribute": "2020-06-26", "stats.wikimedia.org/#/en.wikipedia.org": "2020-06-26", "foundation.wikimedia.org/wiki/Cookie_statement": "2020-06-26", "wikimediafoundation.org/": "2020-06-26", "www.mediawiki.org/": "2020-06-26", "shop.wikimedia.org": "2020-06-27", "creativecommons.org/licenses/by-sa/3.0/": "2020-06-27", "foundation.wikimedia.org/wiki/Terms_of_Use": "2020-06-27", "www.wikimediafoundation.org/": "2020-06-27", "en.m.wikipedia.org/w/index.php?title=Main_Page&mobileaction=toggle_view_mobile": "2020-06-27"}