{"en.wikipedia.org-wiki-Main_Page": "en.wikipedia.org/wiki/Main_Page", "en.wikipedia.org-wiki-Wikipedia": "en.wikipedia.org/wiki/Wikipedia", "en.wikipedia.org-wiki-Free_content": "en.wikipedia.org/wiki/Free_content", "en.wikipedia.org-wiki-Encyclopedia": "en.wikipedia.org/wiki/Encyclopedia", "en.wikipedia.org-wiki-Help:Introduction_to_Wikipedia": "en.wikipedia.org/wiki/Help:Introduction_to_Wikipedia", "en.wikipedia.org-wiki-Special:Statistics": "en.wikipedia.org/wiki/Special:Statistics", "en.wikipedia.org-wiki-English_language": "en.wikipedia.org/wiki/English_language", "en.wikipedia.org-wiki-Portal:Arts": "en.wikipedia.org/wiki/Portal:Arts", "en.wikipedia.org-wiki-Portal:Biography": "en.wikipedia.org/wiki/Portal:Biography", "en.wikipedia.org-wiki-Portal:Geography": "en.wikipedia.org/wiki/Portal:Geography", "en.wikipedia.org-wiki-Portal:History": "en.wikipedia.org/wiki/Portal:History", "en.wikipedia.org-wiki-Portal:Mathematics": "en.wikipedia.org/wiki/Portal:Mathematics", "en.wikipedia.org-wiki-Portal:Science": "en.wikipedia.org/wiki/Portal:Science", "en.wikipedia.org-wiki-Portal:Society": "en.wikipedia.org/wiki/Portal:Society", "en.wikipedia.org-wiki-Portal:Technology": "en.wikipedia.org/wiki/Portal:Technology", "en.wikipedia.org-wiki-Wikipedia:Contents-Portals": "en.wikipedia.org/wiki/Wikipedia:Contents/Portals", "en.wikipedia.org-wiki-File:BattleofSluys_(detail_cropped).jpeg": "en.wikipedia.org/wiki/File:BattleofSluys_(detail_cropped).jpeg", "en.wikipedia.org-wiki-Battle_of_Sluys": "en.wikipedia.org/wiki/Battle_of_Sluys", "en.wikipedia.org-wiki-Roadstead": "en.wikipedia.org/wiki/Roadstead", "en.wikipedia.org-wiki-Sluis": "en.wikipedia.org/wiki/Sluis", "en.wikipedia.org-wiki-Edward_III_of_England": "en.wikipedia.org/wiki/Edward_III_of_England", "en.wikipedia.org-wiki-Hugues_Qui%C3%A9ret": "en.wikipedia.org/wiki/Hugues_Qui%C3%A9ret", "en.wikipedia.org-wiki-Admiral_of_France": "en.wikipedia.org/wiki/Admiral_of_France", "en.wikipedia.org-wiki-Nicolas_B%C3%A9huchet": "en.wikipedia.org/wiki/Nicolas_B%C3%A9huchet", "en.wikipedia.org-wiki-Grand_Constable_of_France": "en.wikipedia.org/wiki/Grand_Constable_of_France", "en.wikipedia.org-wiki-Hundred_Years%27_War": "en.wikipedia.org/wiki/Hundred_Years%27_War", "en.wikipedia.org-wiki-Defeat_in_detail": "en.wikipedia.org/wiki/Defeat_in_detail", "en.wikipedia.org-wiki-Operational_level_of_war": "en.wikipedia.org/wiki/Operational_level_of_war", "en.wikipedia.org-wiki-Siege_of_Tournai_(1340)": "en.wikipedia.org/wiki/Siege_of_Tournai_(1340)", "en.wikipedia.org-wiki-John_FitzWalter,_2nd_Baron_FitzWalter": "en.wikipedia.org/wiki/John_FitzWalter,_2nd_Baron_FitzWalter", "en.wikipedia.org-wiki-Randall_Davidson": "en.wikipedia.org/wiki/Randall_Davidson", "en.wikipedia.org-wiki-High_Explosive_Research": "en.wikipedia.org/wiki/High_Explosive_Research", "en.wikipedia.org-wiki-Wikipedia:Today%27s_featured_article-June_2020": "en.wikipedia.org/wiki/Wikipedia:Today%27s_featured_article/June_2020", "lists.wikimedia.org-mailman-listinfo-daily-article-l": "lists.wikimedia.org/mailman/listinfo/daily-article-l", "en.wikipedia.org-wiki-Wikipedia:Featured_articles": "en.wikipedia.org/wiki/Wikipedia:Featured_articles", "en.wikipedia.org-wiki-File:Proceratophrys_boiei01b.jpg": "en.wikipedia.org/wiki/File:Proceratophrys_boiei01b.jpg", "en.wikipedia.org-wiki-Proceratophrys_boiei": "en.wikipedia.org/wiki/Proceratophrys_boiei", "en.wikipedia.org-wiki-Scythrophrys": "en.wikipedia.org/wiki/Scythrophrys", "en.wikipedia.org-wiki-Tate_McRae": "en.wikipedia.org/wiki/Tate_McRae", "en.wikipedia.org-wiki-Billie_Eilish": "en.wikipedia.org/wiki/Billie_Eilish", "en.wikipedia.org-wiki-Nazis,_Islamists,_and_the_Making_of_the_Modern_Middle_East": "en.wikipedia.org/wiki/Nazis,_Islamists,_and_the_Making_of_the_Modern_Middle_East", "en.wikipedia.org-wiki-Bodie_Creek_Suspension_Bridge": "en.wikipedia.org/wiki/Bodie_Creek_Suspension_Bridge", "en.wikipedia.org-wiki-Lilly_Dubowitz": "en.wikipedia.org/wiki/Lilly_Dubowitz", "en.wikipedia.org-wiki-Dubowitz_Score": "en.wikipedia.org/wiki/Dubowitz_Score", "en.wikipedia.org-wiki-Cranial_ultrasound": "en.wikipedia.org/wiki/Cranial_ultrasound", "en.wikipedia.org-wiki-Hammersmith_Hospital": "en.wikipedia.org/wiki/Hammersmith_Hospital", "en.wikipedia.org-wiki-Alley_Pond_Park": "en.wikipedia.org/wiki/Alley_Pond_Park", "en.wikipedia.org-wiki-Jasraj": "en.wikipedia.org/wiki/Jasraj", "en.wikipedia.org-wiki-Hindustani_classical_music": "en.wikipedia.org/wiki/Hindustani_classical_music", "en.wikipedia.org-wiki-Skype": "en.wikipedia.org/wiki/Skype", "en.wikipedia.org-wiki-The_Cock": "en.wikipedia.org/wiki/The_Cock", "en.wikipedia.org-wiki-Wikipedia:Recent_additions": "en.wikipedia.org/wiki/Wikipedia:Recent_additions", "en.wikipedia.org-wiki-Help:Your_first_article": "en.wikipedia.org/wiki/Help:Your_first_article", "en.wikipedia.org-wiki-Template_talk:Did_you_know": "en.wikipedia.org/wiki/Template_talk:Did_you_know", "en.wikipedia.org-wiki-COVID-19_pandemic": "en.wikipedia.org/wiki/COVID-19_pandemic", "en.wikipedia.org-wiki-Coronavirus_disease_2019": "en.wikipedia.org/wiki/Coronavirus_disease_2019", "en.wikipedia.org-wiki-Severe_acute_respiratory_syndrome_coronavirus_2": "en.wikipedia.org/wiki/Severe_acute_respiratory_syndrome_coronavirus_2", "en.wikipedia.org-wiki-COVID-19_testing": "en.wikipedia.org/wiki/COVID-19_testing", "en.wikipedia.org-wiki-Timeline_of_the_COVID-19_pandemic": "en.wikipedia.org/wiki/Timeline_of_the_COVID-19_pandemic", "en.wikipedia.org-wiki-COVID-19_pandemic_by_country_and_territory": "en.wikipedia.org/wiki/COVID-19_pandemic_by_country_and_territory", "en.wikipedia.org-wiki-Impact_of_the_COVID-19_pandemic": "en.wikipedia.org/wiki/Impact_of_the_COVID-19_pandemic", "en.wikipedia.org-wiki-List_of_deaths_due_to_COVID-19": "en.wikipedia.org/wiki/List_of_deaths_due_to_COVID-19", "en.wikipedia.org-wiki-Portal:Coronavirus_disease_2019": "en.wikipedia.org/wiki/Portal:Coronavirus_disease_2019", "en.wikipedia.org-wiki-File:(Aleksandar_Vu%C4%8Di%C4%87)_Secretary_Pompeo_Hosts_a_Working_Lunch_With_Serbian_President_Vucic_(48586279546)_(cropped).jpg": "en.wikipedia.org/wiki/File:(Aleksandar_Vu%C4%8Di%C4%87)_Secretary_Pompeo_Hosts_a_Working_Lunch_With_Serbian_President_Vucic_(48586279546)_(cropped).jpg", "en.wikipedia.org-wiki-Aleksandar_Vu%C4%8Di%C4%87_%E2%80%94_For_Our_Children": "en.wikipedia.org/wiki/Aleksandar_Vu%C4%8Di%C4%87_%E2%80%94_For_Our_Children", "en.wikipedia.org-wiki-Aleksandar_Vu%C4%8Di%C4%87": "en.wikipedia.org/wiki/Aleksandar_Vu%C4%8Di%C4%87", "en.wikipedia.org-wiki-Serbian_Progressive_Party": "en.wikipedia.org/wiki/Serbian_Progressive_Party", "en.wikipedia.org-wiki-2020_Serbian_parliamentary_election": "en.wikipedia.org/wiki/2020_Serbian_parliamentary_election", "en.wikipedia.org-wiki-2020_United_Nations_Security_Council_election": "en.wikipedia.org/wiki/2020_United_Nations_Security_Council_election", "en.wikipedia.org-wiki-United_Nations_Security_Council": "en.wikipedia.org/wiki/United_Nations_Security_Council", "en.wikipedia.org-wiki-Freedom_of_the_press": "en.wikipedia.org/wiki/Freedom_of_the_press", "en.wikipedia.org-wiki-People_of_the_Philippines_v._Santos,_Ressa_and_Rappler": "en.wikipedia.org/wiki/People_of_the_Philippines_v._Santos,_Ressa_and_Rappler", "en.wikipedia.org-wiki-Rappler": "en.wikipedia.org/wiki/Rappler", "en.wikipedia.org-wiki-Maria_Ressa": "en.wikipedia.org/wiki/Maria_Ressa", "en.wikipedia.org-wiki-Cybercrime_Prevention_Act_of_2012": "en.wikipedia.org/wiki/Cybercrime_Prevention_Act_of_2012", "en.wikipedia.org-wiki-Portal:Current_events": "en.wikipedia.org/wiki/Portal:Current_events", "en.wikipedia.org-wiki-George_Floyd_protests": "en.wikipedia.org/wiki/George_Floyd_protests", "en.wikipedia.org-wiki-2019%E2%80%9320_Hong_Kong_protests": "en.wikipedia.org/wiki/2019%E2%80%9320_Hong_Kong_protests", "en.wikipedia.org-wiki-Deaths_in_2020": "en.wikipedia.org/wiki/Deaths_in_2020", "en.wikipedia.org-wiki-Liam_Treadwell": "en.wikipedia.org/wiki/Liam_Treadwell", "en.wikipedia.org-wiki-Ian_Holm": "en.wikipedia.org/wiki/Ian_Holm", "en.wikipedia.org-wiki-Vic_Gilliam": "en.wikipedia.org/wiki/Vic_Gilliam", "en.wikipedia.org-wiki-Nicolas_Joel": "en.wikipedia.org/wiki/Nicolas_Joel", "en.wikipedia.org-wiki-Anna_and_Bernhard_Blume": "en.wikipedia.org/wiki/Anna_and_Bernhard_Blume", "en.wikipedia.org-wiki-Jules_Sedney": "en.wikipedia.org/wiki/Jules_Sedney", "en.wikipedia.org-wiki-Wikipedia:In_the_news-Candidates": "en.wikipedia.org/wiki/Wikipedia:In_the_news/Candidates", "en.wikipedia.org-wiki-June_24": "en.wikipedia.org/wiki/June_24", "en.wikipedia.org-wiki-File:Julia_Gillard_2010.jpg": "en.wikipedia.org/wiki/File:Julia_Gillard_2010.jpg", "en.wikipedia.org-wiki-474": "en.wikipedia.org/wiki/474", "en.wikipedia.org-wiki-Western_Roman_Empire": "en.wikipedia.org/wiki/Western_Roman_Empire", "en.wikipedia.org-wiki-Glycerius": "en.wikipedia.org/wiki/Glycerius", "en.wikipedia.org-wiki-Byzantine_Empire": "en.wikipedia.org/wiki/Byzantine_Empire", "en.wikipedia.org-wiki-Leo_I_the_Thracian": "en.wikipedia.org/wiki/Leo_I_the_Thracian", "en.wikipedia.org-wiki-1314": "en.wikipedia.org/wiki/1314", "en.wikipedia.org-wiki-First_War_of_Scottish_Independence": "en.wikipedia.org/wiki/First_War_of_Scottish_Independence", "en.wikipedia.org-wiki-Robert_the_Bruce": "en.wikipedia.org/wiki/Robert_the_Bruce", "en.wikipedia.org-wiki-Battle_of_Bannockburn": "en.wikipedia.org/wiki/Battle_of_Bannockburn", "en.wikipedia.org-wiki-Edward_II_of_England": "en.wikipedia.org/wiki/Edward_II_of_England", "en.wikipedia.org-wiki-Bannockburn": "en.wikipedia.org/wiki/Bannockburn", "en.wikipedia.org-wiki-1717": "en.wikipedia.org/wiki/1717", "en.wikipedia.org-wiki-Grand_Lodge": "en.wikipedia.org/wiki/Grand_Lodge", "en.wikipedia.org-wiki-Freemasonry": "en.wikipedia.org/wiki/Freemasonry", "en.wikipedia.org-wiki-Premier_Grand_Lodge_of_England": "en.wikipedia.org/wiki/Premier_Grand_Lodge_of_England", "en.wikipedia.org-wiki-1940": "en.wikipedia.org/wiki/1940", "en.wikipedia.org-wiki-World_War_II": "en.wikipedia.org/wiki/World_War_II", "en.wikipedia.org-wiki-British_Army": "en.wikipedia.org/wiki/British_Army", "en.wikipedia.org-wiki-Operation_Collar_(commando_raid)": "en.wikipedia.org/wiki/Operation_Collar_(commando_raid)", "en.wikipedia.org-wiki-Commando": "en.wikipedia.org/wiki/Commando", "en.wikipedia.org-wiki-German_military_administration_in_occupied_France_during_World_War_II": "en.wikipedia.org/wiki/German_military_administration_in_occupied_France_during_World_War_II", "en.wikipedia.org-wiki-2010": "en.wikipedia.org/wiki/2010", "en.wikipedia.org-wiki-Julia_Gillard": "en.wikipedia.org/wiki/Julia_Gillard", "en.wikipedia.org-wiki-Prime_Minister_of_Australia": "en.wikipedia.org/wiki/Prime_Minister_of_Australia", "en.wikipedia.org-wiki-Kevin_Rudd": "en.wikipedia.org/wiki/Kevin_Rudd", "en.wikipedia.org-wiki-2010_Australian_Labor_Party_leadership_spill": "en.wikipedia.org/wiki/2010_Australian_Labor_Party_leadership_spill", "en.wikipedia.org-wiki-Australian_Labor_Party": "en.wikipedia.org/wiki/Australian_Labor_Party", "en.wikipedia.org-wiki-William_Arnold_(settler)": "en.wikipedia.org/wiki/William_Arnold_(settler)", "en.wikipedia.org-wiki-Eleanor_Norcross": "en.wikipedia.org/wiki/Eleanor_Norcross", "en.wikipedia.org-wiki-V._V._Giri": "en.wikipedia.org/wiki/V._V._Giri", "en.wikipedia.org-wiki-June_23": "en.wikipedia.org/wiki/June_23", "en.wikipedia.org-wiki-June_25": "en.wikipedia.org/wiki/June_25", "en.wikipedia.org-wiki-Wikipedia:Selected_anniversaries-June": "en.wikipedia.org/wiki/Wikipedia:Selected_anniversaries/June", "en.wikipedia.org-wiki-List_of_historical_anniversaries": "en.wikipedia.org/wiki/List_of_historical_anniversaries", "en.wikipedia.org-wiki-File:Mary_Cassatt_-_The_Child%27s_Bath_-_Google_Art_Project.jpg": "en.wikipedia.org/wiki/File:Mary_Cassatt_-_The_Child%27s_Bath_-_Google_Art_Project.jpg", "en.wikipedia.org-wiki-The_Child%27s_Bath": "en.wikipedia.org/wiki/The_Child%27s_Bath", "en.wikipedia.org-wiki-Mary_Cassatt": "en.wikipedia.org/wiki/Mary_Cassatt", "en.wikipedia.org-wiki-Allegheny,_Pennsylvania": "en.wikipedia.org/wiki/Allegheny,_Pennsylvania", "en.wikipedia.org-wiki-Pittsburgh": "en.wikipedia.org/wiki/Pittsburgh", "en.wikipedia.org-wiki-Edgar_Degas": "en.wikipedia.org/wiki/Edgar_Degas", "en.wikipedia.org-wiki-Impressionism": "en.wikipedia.org/wiki/Impressionism", "en.wikipedia.org-wiki-Genre_art": "en.wikipedia.org/wiki/Genre_art", "en.wikipedia.org-wiki-Woodblock_printing_in_Japan": "en.wikipedia.org/wiki/Woodblock_printing_in_Japan", "en.wikipedia.org-wiki-Acad%C3%A9mie_des_Beaux-Arts": "en.wikipedia.org/wiki/Acad%C3%A9mie_des_Beaux-Arts", "en.wikipedia.org-wiki-Art_Institute_of_Chicago": "en.wikipedia.org/wiki/Art_Institute_of_Chicago", "en.wikipedia.org-wiki-Template:POTD-2020-06-23": "en.wikipedia.org/wiki/Template:POTD/2020-06-23", "en.wikipedia.org-wiki-Template:POTD-2020-06-22": "en.wikipedia.org/wiki/Template:POTD/2020-06-22", "en.wikipedia.org-wiki-Template:POTD-2020-06-21": "en.wikipedia.org/wiki/Template:POTD/2020-06-21", "en.wikipedia.org-wiki-Wikipedia:Picture_of_the_day-Archive": "en.wikipedia.org/wiki/Wikipedia:Picture_of_the_day/Archive", "en.wikipedia.org-wiki-Wikipedia:Featured_pictures": "en.wikipedia.org/wiki/Wikipedia:Featured_pictures", "en.wikipedia.org-wiki-Wikipedia:Community_portal": "en.wikipedia.org/wiki/Wikipedia:Community_portal", "en.wikipedia.org-wiki-Wikipedia:Help_desk": "en.wikipedia.org/wiki/Wikipedia:Help_desk", "en.wikipedia.org-wiki-Wikipedia:Local_Embassy": "en.wikipedia.org/wiki/Wikipedia:Local_Embassy", "en.wikipedia.org-wiki-Wikipedia:Reference_desk": "en.wikipedia.org/wiki/Wikipedia:Reference_desk", "en.wikipedia.org-wiki-Wikipedia:News": "en.wikipedia.org/wiki/Wikipedia:News", "en.wikipedia.org-wiki-Wikipedia:Village_pump": "en.wikipedia.org/wiki/Wikipedia:Village_pump", "en.wikipedia.org-wiki-Wikimedia_Foundation": "en.wikipedia.org/wiki/Wikimedia_Foundation", "wikimediafoundation.org-our-work-wikimedia-projects-": "wikimediafoundation.org/our-work/wikimedia-projects/", "commons.wikimedia.org-wiki-": "commons.wikimedia.org/wiki/", "commons.wikimedia.org-": "commons.wikimedia.org/", "www.mediawiki.org-wiki-": "www.mediawiki.org/wiki/", "mediawiki.org-": "mediawiki.org/", "meta.wikimedia.org-wiki-": "meta.wikimedia.org/wiki/", "meta.wikimedia.org-": "meta.wikimedia.org/", "en.wikibooks.org-wiki-": "en.wikibooks.org/wiki/", "en.wikibooks.org-": "en.wikibooks.org/", "www.wikidata.org-wiki-": "www.wikidata.org/wiki/", "www.wikidata.org-": "www.wikidata.org/", "en.wikinews.org-wiki-": "en.wikinews.org/wiki/", "en.wikinews.org-": "en.wikinews.org/", "en.wikiquote.org-wiki-": "en.wikiquote.org/wiki/", "en.wikiquote.org-": "en.wikiquote.org/", "en.wikisource.org-wiki-": "en.wikisource.org/wiki/", "en.wikisource.org-": "en.wikisource.org/", "species.wikimedia.org-wiki-": "species.wikimedia.org/wiki/", "species.wikimedia.org-": "species.wikimedia.org/", "en.wikiversity.org-wiki-": "en.wikiversity.org/wiki/", "en.wikiversity.org-": "en.wikiversity.org/", "en.wikivoyage.org-wiki-": "en.wikivoyage.org/wiki/", "en.wikivoyage.org-": "en.wikivoyage.org/", "en.wiktionary.org-wiki-": "en.wiktionary.org/wiki/", "en.wiktionary.org-": "en.wiktionary.org/", "ar.wikipedia.org-wiki-": "ar.wikipedia.org/wiki/", "de.wikipedia.org-wiki-": "de.wikipedia.org/wiki/", "es.wikipedia.org-wiki-": "es.wikipedia.org/wiki/", "fr.wikipedia.org-wiki-": "fr.wikipedia.org/wiki/", "it.wikipedia.org-wiki-": "it.wikipedia.org/wiki/", "nl.wikipedia.org-wiki-": "nl.wikipedia.org/wiki/", "ja.wikipedia.org-wiki-": "ja.wikipedia.org/wiki/", "pl.wikipedia.org-wiki-": "pl.wikipedia.org/wiki/", "pt.wikipedia.org-wiki-": "pt.wikipedia.org/wiki/", "ru.wikipedia.org-wiki-": "ru.wikipedia.org/wiki/", "sv.wikipedia.org-wiki-": "sv.wikipedia.org/wiki/", "uk.wikipedia.org-wiki-": "uk.wikipedia.org/wiki/", "vi.wikipedia.org-wiki-": "vi.wikipedia.org/wiki/", "zh.wikipedia.org-wiki-": "zh.wikipedia.org/wiki/", "id.wikipedia.org-wiki-": "id.wikipedia.org/wiki/", "ms.wikipedia.org-wiki-": "ms.wikipedia.org/wiki/", "zh-min-nan.wikipedia.org-wiki-": "zh-min-nan.wikipedia.org/wiki/", "bg.wikipedia.org-wiki-": "bg.wikipedia.org/wiki/", "ca.wikipedia.org-wiki-": "ca.wikipedia.org/wiki/", "cs.wikipedia.org-wiki-": "cs.wikipedia.org/wiki/", "da.wikipedia.org-wiki-": "da.wikipedia.org/wiki/", "eo.wikipedia.org-wiki-": "eo.wikipedia.org/wiki/", "eu.wikipedia.org-wiki-": "eu.wikipedia.org/wiki/", "fa.wikipedia.org-wiki-": "fa.wikipedia.org/wiki/", "he.wikipedia.org-wiki-": "he.wikipedia.org/wiki/", "ko.wikipedia.org-wiki-": "ko.wikipedia.org/wiki/", "hu.wikipedia.org-wiki-": "hu.wikipedia.org/wiki/", "no.wikipedia.org-wiki-": "no.wikipedia.org/wiki/", "ro.wikipedia.org-wiki-": "ro.wikipedia.org/wiki/", "sr.wikipedia.org-wiki-": "sr.wikipedia.org/wiki/", "sh.wikipedia.org-wiki-": "sh.wikipedia.org/wiki/", "fi.wikipedia.org-wiki-": "fi.wikipedia.org/wiki/", "tr.wikipedia.org-wiki-": "tr.wikipedia.org/wiki/", "ast.wikipedia.org-wiki-": "ast.wikipedia.org/wiki/", "bs.wikipedia.org-wiki-": "bs.wikipedia.org/wiki/", "et.wikipedia.org-wiki-": "et.wikipedia.org/wiki/", "el.wikipedia.org-wiki-": "el.wikipedia.org/wiki/", "simple.wikipedia.org-wiki-": "simple.wikipedia.org/wiki/", "gl.wikipedia.org-wiki-": "gl.wikipedia.org/wiki/", "hr.wikipedia.org-wiki-": "hr.wikipedia.org/wiki/", "lv.wikipedia.org-wiki-": "lv.wikipedia.org/wiki/", "lt.wikipedia.org-wiki-": "lt.wikipedia.org/wiki/", "ml.wikipedia.org-wiki-": "ml.wikipedia.org/wiki/", "nn.wikipedia.org-wiki-": "nn.wikipedia.org/wiki/", "sk.wikipedia.org-wiki-": "sk.wikipedia.org/wiki/", "sl.wikipedia.org-wiki-": "sl.wikipedia.org/wiki/", "th.wikipedia.org-wiki-": "th.wikipedia.org/wiki/", "meta.wikimedia.org-wiki-List_of_Wikipedias": "meta.wikimedia.org/wiki/List_of_Wikipedias", "en.wikipedia.org-w-index.php?title=Main_Page&oldid=963906162": "en.wikipedia.org/w/index.php?title=Main_Page&oldid=963906162", "en.wikipedia.org-wiki-Special:MyTalk": "en.wikipedia.org/wiki/Special:MyTalk", "en.wikipedia.org-wiki-Special:MyContributions": "en.wikipedia.org/wiki/Special:MyContributions", "en.wikipedia.org-w-index.php?title=Special:CreateAccount&returnto=Main+Page": "en.wikipedia.org/w/index.php?title=Special:CreateAccount&returnto=Main+Page", "en.wikipedia.org-w-index.php?title=Special:UserLogin&returnto=Main+Page": "en.wikipedia.org/w/index.php?title=Special:UserLogin&returnto=Main+Page", "en.wikipedia.org-wiki-Talk:Main_Page": "en.wikipedia.org/wiki/Talk:Main_Page", "en.wikipedia.org-w-index.php?title=Main_Page&action=edit": "en.wikipedia.org/w/index.php?title=Main_Page&action=edit", "en.wikipedia.org-w-index.php?title=Main_Page&action=history": "en.wikipedia.org/w/index.php?title=Main_Page&action=history", "en.wikipedia.org-wiki-Wikipedia:Contents": "en.wikipedia.org/wiki/Wikipedia:Contents", "en.wikipedia.org-wiki-Special:Random": "en.wikipedia.org/wiki/Special:Random", "en.wikipedia.org-wiki-Wikipedia:About": "en.wikipedia.org/wiki/Wikipedia:About", "donate.wikimedia.org-wiki-Special:FundraiserRedirector?utm_source=donate&utm_medium=sidebar&utm_campaign=C13_en.wikipedia.org&uselang=en": "donate.wikimedia.org/wiki/Special:FundraiserRedirector?utm_source=donate&utm_medium=sidebar&utm_campaign=C13_en.wikipedia.org&uselang=en", "en.wikipedia.org-wiki-Help:Contents": "en.wikipedia.org/wiki/Help:Contents", "en.wikipedia.org-wiki-Special:RecentChanges": "en.wikipedia.org/wiki/Special:RecentChanges", "en.wikipedia.org-wiki-Wikipedia:File_Upload_Wizard": "en.wikipedia.org/wiki/Wikipedia:File_Upload_Wizard", "en.wikipedia.org-wiki-Special:WhatLinksHere-Main_Page": "en.wikipedia.org/wiki/Special:WhatLinksHere/Main_Page", "en.wikipedia.org-wiki-Special:RecentChangesLinked-Main_Page": "en.wikipedia.org/wiki/Special:RecentChangesLinked/Main_Page", "en.wikipedia.org-wiki-Special:SpecialPages": "en.wikipedia.org/wiki/Special:SpecialPages", "en.wikipedia.org-w-index.php?title=Main_Page&action=info": "en.wikipedia.org/w/index.php?title=Main_Page&action=info", "www.wikidata.org-wiki-Special:EntityPage-Q5296": "www.wikidata.org/wiki/Special:EntityPage/Q5296", "en.wikipedia.org-w-index.php?title=Special:CiteThisPage&page=Main_Page&id=963906162&wpFormIdentifier=titleform": "en.wikipedia.org/w/index.php?title=Special:CiteThisPage&page=Main_Page&id=963906162&wpFormIdentifier=titleform", "ka.wikipedia.org-wiki-": "ka.wikipedia.org/wiki/", "commons.wikimedia.org-wiki-Main_Page": "commons.wikimedia.org/wiki/Main_Page", "www.mediawiki.org-wiki-MediaWiki": "www.mediawiki.org/wiki/MediaWiki", "meta.wikimedia.org-wiki-Main_Page": "meta.wikimedia.org/wiki/Main_Page", "species.wikimedia.org-wiki-Main_Page": "species.wikimedia.org/wiki/Main_Page", "en.wikibooks.org-wiki-Main_Page": "en.wikibooks.org/wiki/Main_Page", "www.wikidata.org-wiki-Wikidata:Main_Page": "www.wikidata.org/wiki/Wikidata:Main_Page", "wikimania.wikimedia.org-wiki-Wikimania": "wikimania.wikimedia.org/wiki/Wikimania", "en.wikinews.org-wiki-Main_Page": "en.wikinews.org/wiki/Main_Page", "en.wikiquote.org-wiki-Main_Page": "en.wikiquote.org/wiki/Main_Page", "en.wikisource.org-wiki-Main_Page": "en.wikisource.org/wiki/Main_Page", "en.wikiversity.org-wiki-Wikiversity:Main_Page": "en.wikiversity.org/wiki/Wikiversity:Main_Page", "en.wikivoyage.org-wiki-Main_Page": "en.wikivoyage.org/wiki/Main_Page", "en.wiktionary.org-wiki-Wiktionary:Main_Page": "en.wiktionary.org/wiki/Wiktionary:Main_Page", "en.wikipedia.org-w-index.php?title=Special:ElectronPdf&page=Main+Page&action=show-download-screen": "en.wikipedia.org/w/index.php?title=Special:ElectronPdf&page=Main+Page&action=show-download-screen", "en.wikipedia.org-w-index.php?title=Main_Page&printable=yes": "en.wikipedia.org/w/index.php?title=Main_Page&printable=yes", "foundation.wikimedia.org-wiki-Privacy_policy": "foundation.wikimedia.org/wiki/Privacy_policy", "en.wikipedia.org-wiki-Wikipedia:General_disclaimer": "en.wikipedia.org/wiki/Wikipedia:General_disclaimer", "www.mediawiki.org-wiki-Special:MyLanguage-How_to_contribute": "www.mediawiki.org/wiki/Special:MyLanguage/How_to_contribute", "stats.wikimedia.org-#-en.wikipedia.org": "stats.wikimedia.org/#/en.wikipedia.org", "foundation.wikimedia.org-wiki-Cookie_statement": "foundation.wikimedia.org/wiki/Cookie_statement", "wikimediafoundation.org-": "wikimediafoundation.org/", "www.mediawiki.org-": "www.mediawiki.org/", "shop.wikimedia.org": "shop.wikimedia.org", "creativecommons.org-licenses-by-sa-3.0-": "creativecommons.org/licenses/by-sa/3.0/", "foundation.wikimedia.org-wiki-Terms_of_Use": "foundation.wikimedia.org/wiki/Terms_of_Use", "www.wikimediafoundation.org-": "www.wikimediafoundation.org/", "en.m.wikipedia.org-w-index.php?title=Main_Page&mobileaction=toggle_view_mobile": "en.m.wikipedia.org/w/index.php?title=Main_Page&mobileaction=toggle_view_mobile"}